{
    "parent":"minecraft:block/thin_block",
    "display":{
       "fixed":{
          "rotation":[
             -90,
             0,
             0
          ],
          "scale":[
             2.01,
             2.01,
             2.01
          ],
          "translation":[
             0,
             0,
             -16
          ]
       }
    },
    "textures":{
       "particle":"florcraft:block/shryroot",
       "cross":"florcraft:block/shryroot"
    },
    "elements":[
       {
          "faces":{
             "north":{
                "texture":"#cross",
                "uv":[
                   0,
                   0,
                   16,
                   16
                ]
             },
             "south":{
                "texture":"#cross",
                "uv":[
                   0,
                   0,
                   16,
                   16
                ]
             }
          },
          "from":[
             0.8,
             0,
             7.995
          ],
          "rotation":{
             "angle":45,
             "axis":"y",
             "origin":[
                8,
                8,
                8
             ],
             "rescale":true
          },
          "shade":false,
          "to":[
             15.2,
             16,
             8.005
          ]
       },
	   {
          "faces":{
             "east":{
                "texture":"#cross",
                "uv":[
                   0,
                   0,
                   16,
                   16
                ]
             },
             "west":{
                "texture":"#cross",
                "uv":[
                   0,
                   0,
                   16,
                   16
                ]
             }
          },
          "from":[
             7.995,
             0,
             0.8
          ],
          "rotation":{
             "angle":45,
             "axis":"y",
             "origin":[
                8,
                8,
                8
             ],
             "rescale":true
          },
          "shade":false,
          "to":[
             8.005,
             16,
             15.2
          ]
       }
    ],
    "gui_light":"front"
 }