{
  "providers": [{
      "type": "bitmap",
      "file": "florcraft:gui/natures_oculus/recipes/crafting.png",
      "ascent": 48,
      "height": 100,
      "chars": [
        "\uc001\uc002\uc021\uc022\uc041\uc042\uc061\uc062",
        "\uc003\uc004\uc023\uc024\uc043\uc044\uc063\uc064",
        "\uc005\uc006\uc025\uc026\uc045\uc046\uc065\uc066",
        "\uc007\uc008\uc027\uc028\uc047\uc048\uc067\uc068",
        "\uc009\uc010\uc029\uc030\uc049\uc050\uc069\uc070",
        "\uc011\uc012\uc031\uc032\uc051\uc052\uc071\uc072",
        "\uc013\uc014\uc033\uc034\uc053\uc054\uc073\uc074",
        "\uc015\uc016\uc035\uc036\uc055\uc056\uc075\uc076",
        "\uc017\uc018\uc037\uc038\uc057\uc058\uc077\uc078",
        "\uc019\uc020\uc039\uc040\uc059\uc060\uc079\uc080"
      ]
    }
  ]
}