{
  "parent": "item/handheld_rod",
  "textures": {
    "layer0": "item/carrot_on_a_stick"
  },
  "overrides": [
  {
        "predicate": {
          "custom_model_data": 5418
        },
        "model": "item/custom/glider"
      },
    {"predicate": {"custom_model_data": 423000}, "model": "florcraft:item/essence_flask_empty"},
    {"predicate": {"custom_model_data": 423001}, "model": "florcraft:item/essence_flask_arid_1"},
    {"predicate": {"custom_model_data": 423002}, "model": "florcraft:item/essence_flask_arid_2"},
    {"predicate": {"custom_model_data": 423003}, "model": "florcraft:item/essence_flask_arid_3"},
    {"predicate": {"custom_model_data": 423004}, "model": "florcraft:item/essence_flask_aqueous_1"},
    {"predicate": {"custom_model_data": 423005}, "model": "florcraft:item/essence_flask_aqueous_2"},
    {"predicate": {"custom_model_data": 423006}, "model": "florcraft:item/essence_flask_aqueous_3"},
    {"predicate": {"custom_model_data": 423007}, "model": "florcraft:item/essence_flask_verdant_1"},
    {"predicate": {"custom_model_data": 423008}, "model": "florcraft:item/essence_flask_verdant_2"},
    {"predicate": {"custom_model_data": 423009}, "model": "florcraft:item/essence_flask_verdant_3"},
    {"predicate": {"custom_model_data": 423010}, "model": "florcraft:item/ignition_rod"},
    {"predicate": {"custom_model_data": 423011}, "model": "florcraft:item/frost_rod"},
    {"predicate": {"custom_model_data": 423012}, "model": "florcraft:item/overgrowth_rod"},
    {"predicate": {"custom_model_data": 423013}, "model": "florcraft:anim/overgrown_vine"},
    {"predicate": {"custom_model_data": 423014}, "model": "florcraft:item/absorbloom"},
    {"predicate": {"custom_model_data": 423015}, "model": "florcraft:item/dispoppy"},
    {"predicate": {"custom_model_data": 423016}, "model": "florcraft:item/relilay"},
    {"predicate": {"custom_model_data": 423017}, "model": "florcraft:item/burning_scepter"},
    {"predicate": {"custom_model_data": 423018}, "model": "florcraft:item/blizzard_scepter"},
    {"predicate": {"custom_model_data": 423019}, "model": "florcraft:item/snare_scepter"},
    {"predicate": {"custom_model_data": 423020}, "model": "florcraft:item/ender_rift_scepter"},
    {"predicate": {"custom_model_data": 423021}, "model": "florcraft:item/barrier_scepter"},
    {"predicate": {"custom_model_data": 423022}, "model": "florcraft:item/mending_scepter"},
    {"predicate": {"custom_model_data": 423024}, "model": "florcraft:item/essence_vessel_empty"},
    {"predicate": {"custom_model_data": 423025}, "model": "florcraft:item/essence_vessel_arid_1"},
    {"predicate": {"custom_model_data": 423026}, "model": "florcraft:item/essence_vessel_arid_2"},
    {"predicate": {"custom_model_data": 423027}, "model": "florcraft:item/essence_vessel_arid_3"},
    {"predicate": {"custom_model_data": 423028}, "model": "florcraft:item/essence_vessel_arid_4"},
    {"predicate": {"custom_model_data": 423029}, "model": "florcraft:item/essence_vessel_arid_5"},
    {"predicate": {"custom_model_data": 423030}, "model": "florcraft:item/essence_vessel_aqueous_1"},
    {"predicate": {"custom_model_data": 423031}, "model": "florcraft:item/essence_vessel_aqueous_2"},
    {"predicate": {"custom_model_data": 423032}, "model": "florcraft:item/essence_vessel_aqueous_3"},
    {"predicate": {"custom_model_data": 423033}, "model": "florcraft:item/essence_vessel_aqueous_4"},
    {"predicate": {"custom_model_data": 423034}, "model": "florcraft:item/essence_vessel_aqueous_5"},
    {"predicate": {"custom_model_data": 423035}, "model": "florcraft:item/essence_vessel_verdant_1"},
    {"predicate": {"custom_model_data": 423036}, "model": "florcraft:item/essence_vessel_verdant_2"},
    {"predicate": {"custom_model_data": 423037}, "model": "florcraft:item/essence_vessel_verdant_3"},
    {"predicate": {"custom_model_data": 423038}, "model": "florcraft:item/essence_vessel_verdant_4"},
    {"predicate": {"custom_model_data": 423039}, "model": "florcraft:item/essence_vessel_verdant_5"},
    {"predicate": {"custom_model_data": 423040}, "model": "florcraft:item/spirit_binder_staff"},
    {"predicate": {"custom_model_data": 423041}, "model": "florcraft:item/druidic_lauret"},
    {"predicate": {"custom_model_data": 423042}, "model": "florcraft:item/reinforced_vessel_empty"},
    {"predicate": {"custom_model_data": 423043}, "model": "florcraft:item/reinforced_vessel_arid_1"},
    {"predicate": {"custom_model_data": 423044}, "model": "florcraft:item/reinforced_vessel_arid_2"},
    {"predicate": {"custom_model_data": 423045}, "model": "florcraft:item/reinforced_vessel_arid_3"},
    {"predicate": {"custom_model_data": 423046}, "model": "florcraft:item/reinforced_vessel_arid_4"},
    {"predicate": {"custom_model_data": 423047}, "model": "florcraft:item/reinforced_vessel_arid_5"},
    {"predicate": {"custom_model_data": 423048}, "model": "florcraft:item/reinforced_vessel_aqueous_1"},
    {"predicate": {"custom_model_data": 423049}, "model": "florcraft:item/reinforced_vessel_aqueous_2"},
    {"predicate": {"custom_model_data": 423050}, "model": "florcraft:item/reinforced_vessel_aqueous_3"},
    {"predicate": {"custom_model_data": 423051}, "model": "florcraft:item/reinforced_vessel_aqueous_4"},
    {"predicate": {"custom_model_data": 423052}, "model": "florcraft:item/reinforced_vessel_aqueous_5"},
    {"predicate": {"custom_model_data": 423053}, "model": "florcraft:item/reinforced_vessel_verdant_1"},
    {"predicate": {"custom_model_data": 423054}, "model": "florcraft:item/reinforced_vessel_verdant_2"},
    {"predicate": {"custom_model_data": 423055}, "model": "florcraft:item/reinforced_vessel_verdant_3"},
    {"predicate": {"custom_model_data": 423056}, "model": "florcraft:item/reinforced_vessel_verdant_4"},
    {"predicate": {"custom_model_data": 423057}, "model": "florcraft:item/reinforced_vessel_verdant_5"},
    {"predicate": {"custom_model_data": 423058}, "model": "florcraft:item/mineroot_sapling"},
    {"predicate": {"custom_model_data": 423059}, "model": "florcraft:item/charm_of_invocation"},
    {"predicate": {"custom_model_data": 423060}, "model": "florcraft:item/arid_mastery_circlet"},
    {"predicate": {"custom_model_data": 423061}, "model": "florcraft:item/aqueous_mastery_circlet"},
    {"predicate": {"custom_model_data": 423062}, "model": "florcraft:item/verdant_mastery_circlet"},
    {"predicate": {"custom_model_data": 423063}, "model": "florcraft:entity/arid_guardian/arid_guardian_head"},
    {"predicate": {"custom_model_data": 423064}, "model": "florcraft:entity/arid_guardian/arid_guardian_body"},
    {"predicate": {"custom_model_data": 423065}, "model": "florcraft:entity/arid_guardian/arid_guardian_body_attacking0"},
    {"predicate": {"custom_model_data": 423066}, "model": "florcraft:entity/aqueous_guardian/aqueous_guardian_head"},
    {"predicate": {"custom_model_data": 423067}, "model": "florcraft:entity/aqueous_guardian/aqueous_guardian_body"},
    {"predicate": {"custom_model_data": 423068}, "model": "florcraft:entity/aqueous_guardian/aqueous_guardian_body_attacking0"},
    {"predicate": {"custom_model_data": 423069}, "model": "florcraft:entity/verdant_guardian/verdant_guardian_head"},
    {"predicate": {"custom_model_data": 423070}, "model": "florcraft:entity/verdant_guardian/verdant_guardian_body"},
    {"predicate": {"custom_model_data": 423071}, "model": "florcraft:entity/verdant_guardian/verdant_guardian_body_preparing"},
    {"predicate": {"custom_model_data": 423072}, "model": "florcraft:entity/verdant_guardian/verdant_guardian_body_attacking1"},
    {"predicate": {"custom_model_data": 423073}, "model": "florcraft:item/floramancers_wand"},
    {"predicate": {"custom_model_data": 423074}, "model": "florcraft:item/adept_floramancers_scepter"},
    {"predicate": {"custom_model_data": 423075}, "model": "florcraft:item/master_floramancers_staff"},
    {"predicate": {"custom_model_data": 423076}, "model": "florcraft:item/erosion_scepter"},
    {"predicate": {"custom_model_data": 423077}, "model": "florcraft:item/arid_filter_seal"},
    {"predicate": {"custom_model_data": 423078}, "model": "florcraft:item/aqueous_filter_seal"},
    {"predicate": {"custom_model_data": 423079}, "model": "florcraft:item/verdant_filter_seal"},
    {"predicate": {"custom_model_data": 423080}, "model": "florcraft:item/arid_upgrade_seal"},
    {"predicate": {"custom_model_data": 423081}, "model": "florcraft:item/aqueous_upgrade_seal"},
    {"predicate": {"custom_model_data": 423082}, "model": "florcraft:item/verdant_upgrade_seal"},
    {"predicate": {"custom_model_data": 423083}, "model": "florcraft:item/arcane_pliers"},
    {"predicate": {"custom_model_data": 423084}, "model": "florcraft:entity/arid_guardian/arid_guardian_body_attacking1"},
    {"predicate": {"custom_model_data": 423085}, "model": "florcraft:entity/arid_guardian/arid_guardian_body_attacking2"},
    {"predicate": {"custom_model_data": 423086}, "model": "florcraft:entity/arid_guardian/arid_guardian_body_attacking3"},
    {"predicate": {"custom_model_data": 423087}, "model": "florcraft:entity/arid_guardian/arid_guardian_body_attacking4"},
    {"predicate": {"custom_model_data": 423088}, "model": "florcraft:entity/aqueous_guardian/aqueous_guardian_body_attacking1"},
    {"predicate": {"custom_model_data": 423089}, "model": "florcraft:entity/aqueous_guardian/aqueous_guardian_body_attacking2"},
    {"predicate": {"custom_model_data": 423090}, "model": "florcraft:entity/aqueous_guardian/aqueous_guardian_body_attacking3"},
    {"predicate": {"custom_model_data": 423091}, "model": "florcraft:entity/aqueous_guardian/aqueous_guardian_body_attacking4"},
    {"predicate": {"custom_model_data": 423092}, "model": "florcraft:entity/verdant_guardian/verdant_guardian_body_attacking2"},
    {"predicate": {"custom_model_data": 423093}, "model": "florcraft:entity/verdant_guardian/verdant_guardian_body_attacking3"},
    {"predicate": {"custom_model_data": 423094}, "model": "florcraft:entity/arid_spirit"},
    {"predicate": {"custom_model_data": 423095}, "model": "florcraft:entity/aqueous_spirit"},
    {"predicate": {"custom_model_data": 423096}, "model": "florcraft:entity/verdant_spirit"},
    {"predicate": {"custom_model_data": 423097}, "model": "florcraft:entity/arid_guardian/arid_guardian_body_attacking5"},
    {"predicate": {"custom_model_data": 423098}, "model": "florcraft:entity/arid_guardian/arid_guardian_body_attacking6"},
    {"predicate": {"custom_model_data": 423099}, "model": "florcraft:item/echoroot"},
    {"predicate": {"custom_model_data": 423100}, "model": "florcraft:item/shryroot"},
    {"predicate": {"custom_model_data": 423101}, "model": "florcraft:item/pulsating_pustule_arid"},
    {"predicate": {"custom_model_data": 423102}, "model": "florcraft:item/pulsating_pustule_aqueous"},
    {"predicate": {"custom_model_data": 423103}, "model": "florcraft:item/pulsating_pustule_verdant"}
  ]
}
