{
  "parent": "block/dropper",
  "overrides": [
    {"predicate": {"custom_model_data": 423000}, "model": "florcraft:block/natures_oculus"},
    {"predicate": {"custom_model_data": 423001}, "model": "florcraft:block/infused_workbench"},
    {"predicate": {"custom_model_data": 423002}, "model": "florcraft:block/pylon"},
    {"predicate": {"custom_model_data": 423003}, "model": "florcraft:block/mystical_furnace"},
    {"predicate": {"custom_model_data": 423004}, "model": "florcraft:block/mystical_furnace_lit"},
    {"predicate": {"custom_model_data": 423005}, "model": "florcraft:block/runic_pylon"},
    {"predicate": {"custom_model_data": 423006}, "model": "florcraft:block/arid_attuned_pylon"},
    {"predicate": {"custom_model_data": 423007}, "model": "florcraft:block/aqueous_attuned_pylon"},
    {"predicate": {"custom_model_data": 423008}, "model": "florcraft:block/verdant_attuned_pylon"},
    {"predicate": {"custom_model_data": 423009}, "model": "florcraft:block/redstone_control_matrix"},
    {"predicate": {"custom_model_data": 423010}, "model": "florcraft:block/reinforced_pylon"},
    {"predicate": {"custom_model_data": 423011}, "model": "florcraft:block/redstone_resonance_matrix"},
    {"predicate": {"custom_model_data": 423012}, "model": "florcraft:block/enchanting_station"},
    {"predicate": {"custom_model_data": 423013}, "model": "florcraft:block/essence_capacitor_empty"},
    {"predicate": {"custom_model_data": 423014}, "model": "florcraft:block/essence_capacitor_arid_1"},
    {"predicate": {"custom_model_data": 423015}, "model": "florcraft:block/essence_capacitor_arid_2"},
    {"predicate": {"custom_model_data": 423016}, "model": "florcraft:block/essence_capacitor_arid_3"},
    {"predicate": {"custom_model_data": 423017}, "model": "florcraft:block/essence_capacitor_aqueous_1"},
    {"predicate": {"custom_model_data": 423018}, "model": "florcraft:block/essence_capacitor_aqueous_2"},
    {"predicate": {"custom_model_data": 423019}, "model": "florcraft:block/essence_capacitor_aqueous_3"},
    {"predicate": {"custom_model_data": 423020}, "model": "florcraft:block/essence_capacitor_verdant_1"},
    {"predicate": {"custom_model_data": 423021}, "model": "florcraft:block/essence_capacitor_verdant_2"},
    {"predicate": {"custom_model_data": 423022}, "model": "florcraft:block/essence_capacitor_verdant_3"},
    {"predicate": {"custom_model_data": 423023}, "model": "florcraft:block/reservoir_core"},
    {"predicate": {"custom_model_data": 423024}, "model": "florcraft:block/transmission_beacon"},
    {"predicate": {"custom_model_data": 423025}, "model": "florcraft:block/transmission_receiver"},
    {"predicate": {"custom_model_data": 423026}, "model": "florcraft:block/auraflow_resonator"},
    {"predicate": {"custom_model_data": 423027}, "model": "florcraft:block/capacitance_resonator"},
    {"predicate": {"custom_model_data": 423028}, "model": "florcraft:block/deep_signaler_broken"},
    {"predicate": {"custom_model_data": 423029}, "model": "florcraft:block/deep_signaler"}
  ]
}
