{
    "parent": "item/generated",
    "textures": {
        "layer0": "item/potion_overlay",
        "layer1": "item/potion"
    },
  "overrides": [
	{ "predicate": { "custom_model_data": 423000 }, "model": "florcraft:entity/scion_of_the_deep/spawn" },
  { "predicate": { "custom_model_data": 423001 }, "model": "florcraft:entity/scion_of_the_deep/idle" },
  { "predicate": { "custom_model_data": 423002 }, "model": "florcraft:entity/scion_of_the_deep/slam" },
  { "predicate": { "custom_model_data": 423003 }, "model": "florcraft:entity/scion_of_the_deep/bolts_close" },
  { "predicate": { "custom_model_data": 423004 }, "model": "florcraft:entity/scion_of_the_deep/bolts_far" },
  { "predicate": { "custom_model_data": 423005 }, "model": "florcraft:entity/scion_of_the_deep/back_strike" },
  { "predicate": { "custom_model_data": 423006 }, "model": "florcraft:entity/scion_of_the_deep/beam_left" },
  { "predicate": { "custom_model_data": 423007 }, "model": "florcraft:entity/scion_of_the_deep/beam_right" },
  { "predicate": { "custom_model_data": 423008 }, "model": "florcraft:entity/scion_of_the_deep/small_portal" },
  { "predicate": { "custom_model_data": 423009 }, "model": "florcraft:entity/scion_of_the_deep/yank" },
  { "predicate": { "custom_model_data": 423010 }, "model": "florcraft:entity/scion_of_the_deep/phase_transition_p1" },
  { "predicate": { "custom_model_data": 423011 }, "model": "florcraft:entity/scion_of_the_deep/phase_transition_p2" },
  { "predicate": { "custom_model_data": 423012 }, "model": "florcraft:entity/scion_of_the_deep/idle_p2" },
  { "predicate": { "custom_model_data": 423013 }, "model": "florcraft:entity/scion_of_the_deep/beam_left_p2" },
  { "predicate": { "custom_model_data": 423014 }, "model": "florcraft:entity/scion_of_the_deep/beam_right_p2" },
  { "predicate": { "custom_model_data": 423015 }, "model": "florcraft:entity/scion_of_the_deep/slam_p2" },
  { "predicate": { "custom_model_data": 423016 }, "model": "florcraft:entity/scion_of_the_deep/bolts_close_p2" },
  { "predicate": { "custom_model_data": 423017 }, "model": "florcraft:entity/scion_of_the_deep/bolts_far_p2" },
  { "predicate": { "custom_model_data": 423018 }, "model": "florcraft:entity/scion_of_the_deep/voidgate" },
  { "predicate": { "custom_model_data": 423019 }, "model": "florcraft:entity/scion_of_the_deep/large_portal" },
  { "predicate": { "custom_model_data": 423020 }, "model": "florcraft:entity/scion_of_the_deep/whirlwind" },
  { "predicate": { "custom_model_data": 423021 }, "model": "florcraft:entity/scion_of_the_deep/chop" },
  { "predicate": { "custom_model_data": 423022 }, "model": "florcraft:entity/scion_of_the_deep/sweep" },
  { "predicate": { "custom_model_data": 423023 }, "model": "florcraft:entity/scion_of_the_deep/death_anim" },
  { "predicate": { "custom_model_data": 423024 }, "model": "florcraft:entity/anticipant/idle" },
  { "predicate": { "custom_model_data": 423025 }, "model": "florcraft:entity/anticipant/yank" },
  { "predicate": { "custom_model_data": 423026 }, "model": "florcraft:entity/anticipant/bolt" },
  { "predicate": { "custom_model_data": 423027 }, "model": "florcraft:entity/anticipant/melee" }
  ]
}
